ano,n,score_medio,compliance_rate
2010,5,28.6,0
2011,6,28.166666666666668,16.666666666666664
2012,2,36,0
2013,3,38.333333333333336,0
2014,4,27.25,0
2015,2,33.5,0
2016,4,44.75,25
2017,5,44.6,40
2018,10,32.3,20
2019,10,33.6,10
2020,10,32.2,10
2021,20,36.1,15
2022,13,34.07692307692308,0
2023,12,28.333333333333332,8.333333333333332
2024,26,33.73076923076923,11.538461538461538
2025,16,38.75,25
